19.7442,1901,1,VNM,,
20.2406,1901,2,VNM,,
22.1572,1901,3,VNM,,
25.3467,1901,4,VNM,,
26.7649,1901,5,VNM,,
27.0544,1901,6,VNM,,
27.0121,1901,7,VNM,,
26.6755,1901,8,VNM,,
26.0196,1901,9,VNM,,
24.6867,1901,10,VNM,,
22.4678,1901,11,VNM,,
20.2175,1901,12,VNM,,
19.8541,1902,1,VNM,,
19.6138,1902,2,VNM,,
22.9779,1902,3,VNM,,
25.453,1902,4,VNM,,
27.2245,1902,5,VNM,,
27.0939,1902,6,VNM,,
27.0022,1902,7,VNM,,
26.7933,1902,8,VNM,,
25.9517,1902,9,VNM,,
24.6336,1902,10,VNM,,
22.8853,1902,11,VNM,,
21.0551,1902,12,VNM,,
19.4264,1903,1,VNM,,
20.1201,1903,2,VNM,,
22.9564,1903,3,VNM,,
25.9762,1903,4,VNM,,
26.6195,1903,5,VNM,,
26.8618,1903,6,VNM,,
26.8755,1903,7,VNM,,
26.3445,1903,8,VNM,,
25.5127,1903,9,VNM,,
24.5631,1903,10,VNM,,
21.7019,1903,11,VNM,,
18.8439,1903,12,VNM,,
18.4279,1904,1,VNM,,
20.4542,1904,2,VNM,,
21.7418,1904,3,VNM,,
24.7911,1904,4,VNM,,
26.3276,1904,5,VNM,,
26.8603,1904,6,VNM,,
26.7429,1904,7,VNM,,
26.6843,1904,8,VNM,,
26.1428,1904,9,VNM,,
24.8926,1904,10,VNM,,
22.0231,1904,11,VNM,,
19.3703,1904,12,VNM,,
20.6991,1905,1,VNM,,
20.5459,1905,2,VNM,,
21.1576,1905,3,VNM,,
24.917,1905,4,VNM,,
26.9441,1905,5,VNM,,
27.1493,1905,6,VNM,,
27.0759,1905,7,VNM,,
26.7677,1905,8,VNM,,
26.2378,1905,9,VNM,,
24.8232,1905,10,VNM,,
22.7442,1905,11,VNM,,
21.9876,1905,12,VNM,,
20.1325,1906,1,VNM,,
21.3171,1906,2,VNM,,
21.8135,1906,3,VNM,,
25.4722,1906,4,VNM,,
27.1468,1906,5,VNM,,
27.5584,1906,6,VNM,,
27.3663,1906,7,VNM,,
27.0919,1906,8,VNM,,
26.5702,1906,9,VNM,,
24.5204,1906,10,VNM,,
21.9425,1906,11,VNM,,
20.5509,1906,12,VNM,,
19.805,1907,1,VNM,,
20.4623,1907,2,VNM,,
21.5803,1907,3,VNM,,
24.7837,1907,4,VNM,,
26.354,1907,5,VNM,,
26.6484,1907,6,VNM,,
26.907,1907,7,VNM,,
26.7279,1907,8,VNM,,
26.01,1907,9,VNM,,
25.1829,1907,10,VNM,,
23.0292,1907,11,VNM,,
19.4259,1907,12,VNM,,
19.8763,1908,1,VNM,,
20.2923,1908,2,VNM,,
21.5604,1908,3,VNM,,
25.0713,1908,4,VNM,,
26.4725,1908,5,VNM,,
26.9422,1908,6,VNM,,
26.9094,1908,7,VNM,,
26.7525,1908,8,VNM,,
26.1199,1908,9,VNM,,
24.7825,1908,10,VNM,,
22.0904,1908,11,VNM,,
20.2436,1908,12,VNM,,
19.5941,1909,1,VNM,,
20.8169,1909,2,VNM,,
22.2486,1909,3,VNM,,
25.23,1909,4,VNM,,
26.0395,1909,5,VNM,,
27.169,1909,6,VNM,,
26.884,1909,7,VNM,,
26.9464,1909,8,VNM,,
26.5795,1909,9,VNM,,
25.2496,1909,10,VNM,,
22.5366,1909,11,VNM,,
20.1225,1909,12,VNM,,
20.1849,1910,1,VNM,,
20.3049,1910,2,VNM,,
21.5811,1910,3,VNM,,
24.9876,1910,4,VNM,,
27.1076,1910,5,VNM,,
27.0149,1910,6,VNM,,
26.8705,1910,7,VNM,,
26.8756,1910,8,VNM,,
25.7518,1910,9,VNM,,
24.4061,1910,10,VNM,,
22.3868,1910,11,VNM,,
19.1722,1910,12,VNM,,
19.2574,1911,1,VNM,,
20.2443,1911,2,VNM,,
22.0751,1911,3,VNM,,
25.2675,1911,4,VNM,,
26.549,1911,5,VNM,,
27.339,1911,6,VNM,,
26.9263,1911,7,VNM,,
27.0404,1911,8,VNM,,
26.3742,1911,9,VNM,,
24.5429,1911,10,VNM,,
23.149,1911,11,VNM,,
21.1391,1911,12,VNM,,
19.5082,1912,1,VNM,,
20.7848,1912,2,VNM,,
22.8214,1912,3,VNM,,
25.4073,1912,4,VNM,,
27.731,1912,5,VNM,,
27.5964,1912,6,VNM,,
26.6894,1912,7,VNM,,
26.3784,1912,8,VNM,,
25.6256,1912,9,VNM,,
24.4241,1912,10,VNM,,
21.6739,1912,11,VNM,,
20.008,1912,12,VNM,,
19.2835,1913,1,VNM,,
20.8853,1913,2,VNM,,
21.6073,1913,3,VNM,,
25.3371,1913,4,VNM,,
25.8148,1913,5,VNM,,
26.9078,1913,6,VNM,,
26.5561,1913,7,VNM,,
26.38,1913,8,VNM,,
25.8716,1913,9,VNM,,
24.5162,1913,10,VNM,,
21.8009,1913,11,VNM,,
19.7986,1913,12,VNM,,
19.3866,1914,1,VNM,,
20.9679,1914,2,VNM,,
22.5045,1914,3,VNM,,
25.6753,1914,4,VNM,,
27.3677,1914,5,VNM,,
26.9035,1914,6,VNM,,
27.0663,1914,7,VNM,,
26.4538,1914,8,VNM,,
25.8293,1914,9,VNM,,
24.3534,1914,10,VNM,,
22.4094,1914,11,VNM,,
20.9227,1914,12,VNM,,
19.7414,1915,1,VNM,,
21.5297,1915,2,VNM,,
22.3597,1915,3,VNM,,
25.8695,1915,4,VNM,,
26.4653,1915,5,VNM,,
27.2969,1915,6,VNM,,
26.8358,1915,7,VNM,,
26.9775,1915,8,VNM,,
25.8434,1915,9,VNM,,
25.2105,1915,10,VNM,,
22.2299,1915,11,VNM,,
19.5096,1915,12,VNM,,
18.9564,1916,1,VNM,,
20.463,1916,2,VNM,,
22.0107,1916,3,VNM,,
25.4573,1916,4,VNM,,
27.0004,1916,5,VNM,,
26.8282,1916,6,VNM,,
27.0423,1916,7,VNM,,
26.8892,1916,8,VNM,,
25.9188,1916,9,VNM,,
24.2556,1916,10,VNM,,
21.7417,1916,11,VNM,,
19.7609,1916,12,VNM,,
18.8209,1917,1,VNM,,
20.164,1917,2,VNM,,
21.0427,1917,3,VNM,,
25.1675,1917,4,VNM,,
26.5491,1917,5,VNM,,
26.7358,1917,6,VNM,,
26.6752,1917,7,VNM,,
26.4568,1917,8,VNM,,
25.9243,1917,9,VNM,,
24.4013,1917,10,VNM,,
22.1639,1917,11,VNM,,
19.336,1917,12,VNM,,
17.9119,1918,1,VNM,,
19.5917,1918,2,VNM,,
21.7097,1918,3,VNM,,
24.6076,1918,4,VNM,,
26.18,1918,5,VNM,,
26.7117,1918,6,VNM,,
27.279,1918,7,VNM,,
26.4162,1918,8,VNM,,
26.384,1918,9,VNM,,
25.0389,1918,10,VNM,,
22.7141,1918,11,VNM,,
21.4196,1918,12,VNM,,
20.1148,1919,1,VNM,,
20.4996,1919,2,VNM,,
23.4725,1919,3,VNM,,
25.9429,1919,4,VNM,,
27.0922,1919,5,VNM,,
27.2809,1919,6,VNM,,
26.971,1919,7,VNM,,
26.9791,1919,8,VNM,,
25.7586,1919,9,VNM,,
24.3741,1919,10,VNM,,
22.2408,1919,11,VNM,,
20.4771,1919,12,VNM,,
18.9345,1920,1,VNM,,
20.1344,1920,2,VNM,,
22.329,1920,3,VNM,,
25.1469,1920,4,VNM,,
26.9748,1920,5,VNM,,
27.1841,1920,6,VNM,,
27.1981,1920,7,VNM,,
26.778,1920,8,VNM,,
26.3178,1920,9,VNM,,
24.2482,1920,10,VNM,,
23.028,1920,11,VNM,,
20.5506,1920,12,VNM,,
19.4093,1921,1,VNM,,
20.2278,1921,2,VNM,,
22.3285,1921,3,VNM,,
25.6957,1921,4,VNM,,
26.6225,1921,5,VNM,,
27.2872,1921,6,VNM,,
26.724,1921,7,VNM,,
26.9869,1921,8,VNM,,
25.6677,1921,9,VNM,,
24.3904,1921,10,VNM,,
21.9224,1921,11,VNM,,
20.8419,1921,12,VNM,,
20.322,1922,1,VNM,,
21.8673,1922,2,VNM,,
21.9689,1922,3,VNM,,
25.6623,1922,4,VNM,,
27.7169,1922,5,VNM,,
27.4566,1922,6,VNM,,
26.8105,1922,7,VNM,,
26.9306,1922,8,VNM,,
26.2717,1922,9,VNM,,
24.6882,1922,10,VNM,,
21.9891,1922,11,VNM,,
20.0261,1922,12,VNM,,
20.0508,1923,1,VNM,,
20.1509,1923,2,VNM,,
22.7063,1923,3,VNM,,
25.103,1923,4,VNM,,
26.2262,1923,5,VNM,,
26.584,1923,6,VNM,,
26.6768,1923,7,VNM,,
26.3067,1923,8,VNM,,
26.2835,1923,9,VNM,,
24.8983,1923,10,VNM,,
23.3649,1923,11,VNM,,
21.0676,1923,12,VNM,,
20.4724,1924,1,VNM,,
20.9607,1924,2,VNM,,
22.3698,1924,3,VNM,,
25.2037,1924,4,VNM,,
27.4779,1924,5,VNM,,
27.1136,1924,6,VNM,,
26.5077,1924,7,VNM,,
26.8958,1924,8,VNM,,
26.8418,1924,9,VNM,,
24.6827,1924,10,VNM,,
22.9255,1924,11,VNM,,
20.0691,1924,12,VNM,,
18.9411,1925,1,VNM,,
19.2842,1925,2,VNM,,
21.9655,1925,3,VNM,,
23.7746,1925,4,VNM,,
26.9247,1925,5,VNM,,
26.9689,1925,6,VNM,,
27.1998,1925,7,VNM,,
27.2379,1925,8,VNM,,
26.3273,1925,9,VNM,,
24.1456,1925,10,VNM,,
23.0768,1925,11,VNM,,
19.7553,1925,12,VNM,,
20.0756,1926,1,VNM,,
20.6115,1926,2,VNM,,
22.0303,1926,3,VNM,,
26.0876,1926,4,VNM,,
27.571,1926,5,VNM,,
27.0669,1926,6,VNM,,
27.279,1926,7,VNM,,
26.6134,1926,8,VNM,,
26.5832,1926,9,VNM,,
23.9948,1926,10,VNM,,
22.8009,1926,11,VNM,,
20.6531,1926,12,VNM,,
19.9111,1927,1,VNM,,
20.4462,1927,2,VNM,,
21.9545,1927,3,VNM,,
24.5236,1927,4,VNM,,
26.5067,1927,5,VNM,,
27.1421,1927,6,VNM,,
27.1265,1927,7,VNM,,
27.0664,1927,8,VNM,,
25.8663,1927,9,VNM,,
24.4299,1927,10,VNM,,
23.2177,1927,11,VNM,,
21.5092,1927,12,VNM,,
21.6696,1928,1,VNM,,
19.9237,1928,2,VNM,,
23.2143,1928,3,VNM,,
25.4788,1928,4,VNM,,
27.3239,1928,5,VNM,,
26.9926,1928,6,VNM,,
27.3613,1928,7,VNM,,
27.1713,1928,8,VNM,,
26.4035,1928,9,VNM,,
23.1739,1928,10,VNM,,
21.6339,1928,11,VNM,,
21.6945,1928,12,VNM,,
21.1592,1929,1,VNM,,
21.159,1929,2,VNM,,
21.7178,1929,3,VNM,,
24.7681,1929,4,VNM,,
28.0372,1929,5,VNM,,
27.5993,1929,6,VNM,,
27.1015,1929,7,VNM,,
27.1095,1929,8,VNM,,
26.1626,1929,9,VNM,,
24.8516,1929,10,VNM,,
21.9665,1929,11,VNM,,
21.83,1929,12,VNM,,
17.9775,1930,1,VNM,,
20.843,1930,2,VNM,,
21.1637,1930,3,VNM,,
26.5406,1930,4,VNM,,
26.97,1930,5,VNM,,
27.5333,1930,6,VNM,,
27.3791,1930,7,VNM,,
27.0379,1930,8,VNM,,
25.8204,1930,9,VNM,,
24.8271,1930,10,VNM,,
23.0156,1930,11,VNM,,
21.3176,1930,12,VNM,,
20.7358,1931,1,VNM,,
22.4036,1931,2,VNM,,
23.5093,1931,3,VNM,,
27.3651,1931,4,VNM,,
27.9734,1931,5,VNM,,
28.2249,1931,6,VNM,,
27.3724,1931,7,VNM,,
27.4723,1931,8,VNM,,
26.1062,1931,9,VNM,,
23.3562,1931,10,VNM,,
22.1705,1931,11,VNM,,
20.6232,1931,12,VNM,,
18.9438,1932,1,VNM,,
19.4223,1932,2,VNM,,
21.1113,1932,3,VNM,,
25.7433,1932,4,VNM,,
28.1548,1932,5,VNM,,
27.6412,1932,6,VNM,,
26.9798,1932,7,VNM,,
27.345,1932,8,VNM,,
25.5666,1932,9,VNM,,
24.0112,1932,10,VNM,,
22.6985,1932,11,VNM,,
19.7984,1932,12,VNM,,
17.8952,1933,1,VNM,,
21.1641,1933,2,VNM,,
22.0227,1933,3,VNM,,
26.629,1933,4,VNM,,
27.1658,1933,5,VNM,,
27.8508,1933,6,VNM,,
27.0913,1933,7,VNM,,
27.0242,1933,8,VNM,,
26.472,1933,9,VNM,,
24.3924,1933,10,VNM,,
22.1385,1933,11,VNM,,
21.6002,1933,12,VNM,,
17.9604,1934,1,VNM,,
20.708,1934,2,VNM,,
21.8809,1934,3,VNM,,
24.4243,1934,4,VNM,,
27.2684,1934,5,VNM,,
27.1547,1934,6,VNM,,
26.9375,1934,7,VNM,,
26.9232,1934,8,VNM,,
26.5738,1934,9,VNM,,
23.4867,1934,10,VNM,,
22.6142,1934,11,VNM,,
20.825,1934,12,VNM,,
20.4565,1935,1,VNM,,
21.6425,1935,2,VNM,,
23.2669,1935,3,VNM,,
25.8311,1935,4,VNM,,
27.0002,1935,5,VNM,,
27.4898,1935,6,VNM,,
27.2227,1935,7,VNM,,
27.0409,1935,8,VNM,,
25.6769,1935,9,VNM,,
25.4572,1935,10,VNM,,
23.4926,1935,11,VNM,,
19.6739,1935,12,VNM,,
18.4575,1936,1,VNM,,
20.9412,1936,2,VNM,,
20.1724,1936,3,VNM,,
25.834,1936,4,VNM,,
26.8647,1936,5,VNM,,
27.1557,1936,6,VNM,,
27.0363,1936,7,VNM,,
26.7778,1936,8,VNM,,
25.8206,1936,9,VNM,,
23.6201,1936,10,VNM,,
23.2127,1936,11,VNM,,
21.5663,1936,12,VNM,,
20.2019,1937,1,VNM,,
21.2271,1937,2,VNM,,
23.4146,1937,3,VNM,,
26.1427,1937,4,VNM,,
26.7551,1937,5,VNM,,
27.1068,1937,6,VNM,,
26.9922,1937,7,VNM,,
26.7505,1937,8,VNM,,
26.1223,1937,9,VNM,,
24.8498,1937,10,VNM,,
22.7203,1937,11,VNM,,
21.4383,1937,12,VNM,,
20.319,1938,1,VNM,,
20.8241,1938,2,VNM,,
21.4985,1938,3,VNM,,
25.4814,1938,4,VNM,,
26.379,1938,5,VNM,,
27.2996,1938,6,VNM,,
26.5803,1938,7,VNM,,
26.6128,1938,8,VNM,,
26.1981,1938,9,VNM,,
24.6157,1938,10,VNM,,
22.0246,1938,11,VNM,,
21.2453,1938,12,VNM,,
19.985,1939,1,VNM,,
21.2525,1939,2,VNM,,
22.6728,1939,3,VNM,,
24.6746,1939,4,VNM,,
26.7349,1939,5,VNM,,
26.9823,1939,6,VNM,,
27.154,1939,7,VNM,,
26.8794,1939,8,VNM,,
25.7482,1939,9,VNM,,
24.9427,1939,10,VNM,,
23.3696,1939,11,VNM,,
18.3399,1939,12,VNM,,
18.6491,1940,1,VNM,,
21.0729,1940,2,VNM,,
22.2624,1940,3,VNM,,
24.9987,1940,4,VNM,,
26.7184,1940,5,VNM,,
27.4059,1940,6,VNM,,
27.4297,1940,7,VNM,,
26.715,1940,8,VNM,,
26.6463,1940,9,VNM,,
25.4413,1940,10,VNM,,
22.9433,1940,11,VNM,,
22.018,1940,12,VNM,,
22.4625,1941,1,VNM,,
22.5177,1941,2,VNM,,
22.9915,1941,3,VNM,,
25.7081,1941,4,VNM,,
27.1145,1941,5,VNM,,
27.0946,1941,6,VNM,,
27.5476,1941,7,VNM,,
26.8881,1941,8,VNM,,
25.8418,1941,9,VNM,,
24.4897,1941,10,VNM,,
22.7154,1941,11,VNM,,
21.4047,1941,12,VNM,,
20.2217,1942,1,VNM,,
21.5084,1942,2,VNM,,
23.2954,1942,3,VNM,,
25.4654,1942,4,VNM,,
26.8614,1942,5,VNM,,
27.2278,1942,6,VNM,,
26.8383,1942,7,VNM,,
26.5821,1942,8,VNM,,
26.4685,1942,9,VNM,,
24.9388,1942,10,VNM,,
23.3327,1942,11,VNM,,
20.6908,1942,12,VNM,,
19.192,1943,1,VNM,,
20.5195,1943,2,VNM,,
22.7081,1943,3,VNM,,
24.8667,1943,4,VNM,,
27.0865,1943,5,VNM,,
27.258,1943,6,VNM,,
27.106,1943,7,VNM,,
26.5918,1943,8,VNM,,
26.3345,1943,9,VNM,,
25.2382,1943,10,VNM,,
22.4729,1943,11,VNM,,
20.4722,1943,12,VNM,,
20.6727,1944,1,VNM,,
21.0461,1944,2,VNM,,
22.7601,1944,3,VNM,,
25.9034,1944,4,VNM,,
26.3863,1944,5,VNM,,
27.0021,1944,6,VNM,,
27.2214,1944,7,VNM,,
26.6545,1944,8,VNM,,
26.3151,1944,9,VNM,,
24.4527,1944,10,VNM,,
22.7925,1944,11,VNM,,
18.2164,1944,12,VNM,,
19.1859,1945,1,VNM,,
19.2883,1945,2,VNM,,
21.8852,1945,3,VNM,,
25.0775,1945,4,VNM,,
26.1077,1945,5,VNM,,
27.4587,1945,6,VNM,,
27.3159,1945,7,VNM,,
26.8971,1945,8,VNM,,
26.4633,1945,9,VNM,,
23.8965,1945,10,VNM,,
23.7971,1945,11,VNM,,
20.5451,1945,12,VNM,,
20.2428,1946,1,VNM,,
21.4644,1946,2,VNM,,
23.1751,1946,3,VNM,,
26.0307,1946,4,VNM,,
26.6991,1946,5,VNM,,
27.5713,1946,6,VNM,,
26.7619,1946,7,VNM,,
26.7645,1946,8,VNM,,
26.3062,1946,9,VNM,,
24.3957,1946,10,VNM,,
23.0802,1946,11,VNM,,
21.1434,1946,12,VNM,,
21.6732,1947,1,VNM,,
20.4248,1947,2,VNM,,
22.0653,1947,3,VNM,,
24.2624,1947,4,VNM,,
27.3209,1947,5,VNM,,
27.049,1947,6,VNM,,
26.914,1947,7,VNM,,
27.015,1947,8,VNM,,
26.1897,1947,9,VNM,,
24.2199,1947,10,VNM,,
22.4661,1947,11,VNM,,
20.3134,1947,12,VNM,,
19.8484,1948,1,VNM,,
21.743,1948,2,VNM,,
22.9013,1948,3,VNM,,
25.3576,1948,4,VNM,,
26.8326,1948,5,VNM,,
27.5233,1948,6,VNM,,
26.8977,1948,7,VNM,,
26.952,1948,8,VNM,,
26.205,1948,9,VNM,,
24.7128,1948,10,VNM,,
21.298,1948,11,VNM,,
21.6611,1948,12,VNM,,
19.2245,1949,1,VNM,,
21.3711,1949,2,VNM,,
22.3166,1949,3,VNM,,
25.0459,1949,4,VNM,,
27.0106,1949,5,VNM,,
27.4209,1949,6,VNM,,
27.2946,1949,7,VNM,,
27.0517,1949,8,VNM,,
26.4437,1949,9,VNM,,
24.8744,1949,10,VNM,,
22.7852,1949,11,VNM,,
20.9925,1949,12,VNM,,
20.7413,1950,1,VNM,,
20.1045,1950,2,VNM,,
22.9506,1950,3,VNM,,
25.0293,1950,4,VNM,,
26.8836,1950,5,VNM,,
26.8378,1950,6,VNM,,
26.9538,1950,7,VNM,,
26.738,1950,8,VNM,,
25.997,1950,9,VNM,,
24.6382,1950,10,VNM,,
22.5099,1950,11,VNM,,
19.4495,1950,12,VNM,,
19.2228,1951,1,VNM,,
20.9909,1951,2,VNM,,
21.3759,1951,3,VNM,,
25.2727,1951,4,VNM,,
26.6115,1951,5,VNM,,
26.5565,1951,6,VNM,,
26.8675,1951,7,VNM,,
26.9314,1951,8,VNM,,
26.1106,1951,9,VNM,,
24.6268,1951,10,VNM,,
22.8152,1951,11,VNM,,
20.7377,1951,12,VNM,,
20.1246,1952,1,VNM,,
21.6591,1952,2,VNM,,
22.7164,1952,3,VNM,,
25.525,1952,4,VNM,,
27.6431,1952,5,VNM,,
27.3131,1952,6,VNM,,
27.0279,1952,7,VNM,,
26.6112,1952,8,VNM,,
25.7729,1952,9,VNM,,
24.5097,1952,10,VNM,,
23.0735,1952,11,VNM,,
19.0405,1952,12,VNM,,
20.0347,1953,1,VNM,,
20.9042,1953,2,VNM,,
22.8064,1953,3,VNM,,
24.616,1953,4,VNM,,
26.6252,1953,5,VNM,,
26.9854,1953,6,VNM,,
27.3183,1953,7,VNM,,
27.165,1953,8,VNM,,
25.6858,1953,9,VNM,,
25.5259,1953,10,VNM,,
22.8096,1953,11,VNM,,
20.5556,1953,12,VNM,,
21.3148,1954,1,VNM,,
21.1919,1954,2,VNM,,
20.7459,1954,3,VNM,,
25.8799,1954,4,VNM,,
26.816,1954,5,VNM,,
27.2678,1954,6,VNM,,
27.6029,1954,7,VNM,,
26.862,1954,8,VNM,,
25.8635,1954,9,VNM,,
24.2166,1954,10,VNM,,
22.4526,1954,11,VNM,,
19.1727,1954,12,VNM,,
17.7019,1955,1,VNM,,
21.6682,1955,2,VNM,,
22.7183,1955,3,VNM,,
24.6367,1955,4,VNM,,
27.1476,1955,5,VNM,,
26.7044,1955,6,VNM,,
26.9616,1955,7,VNM,,
26.4414,1955,8,VNM,,
26.414,1955,9,VNM,,
24.4321,1955,10,VNM,,
21.1205,1955,11,VNM,,
19.9951,1955,12,VNM,,
18.0729,1956,1,VNM,,
21.3687,1956,2,VNM,,
22.5903,1956,3,VNM,,
25.4728,1956,4,VNM,,
26.2336,1956,5,VNM,,
26.8207,1956,6,VNM,,
26.9298,1956,7,VNM,,
26.4081,1956,8,VNM,,
26.1103,1956,9,VNM,,
24.4196,1956,10,VNM,,
21.3528,1956,11,VNM,,
19.5933,1956,12,VNM,,
19.9781,1957,1,VNM,,
19.0673,1957,2,VNM,,
21.4906,1957,3,VNM,,
25.2066,1957,4,VNM,,
27.2412,1957,5,VNM,,
26.5876,1957,6,VNM,,
27.0133,1957,7,VNM,,
26.9888,1957,8,VNM,,
26.1092,1957,9,VNM,,
24.1313,1957,10,VNM,,
23.146,1957,11,VNM,,
21.6093,1957,12,VNM,,
19.7549,1958,1,VNM,,
19.6837,1958,2,VNM,,
23.7243,1958,3,VNM,,
26.6118,1958,4,VNM,,
27.9558,1958,5,VNM,,
27.2611,1958,6,VNM,,
27.0144,1958,7,VNM,,
26.5977,1958,8,VNM,,
25.82,1958,9,VNM,,
23.9962,1958,10,VNM,,
21.4935,1958,11,VNM,,
20.181,1958,12,VNM,,
19.0438,1959,1,VNM,,
21.3627,1959,2,VNM,,
21.1231,1959,3,VNM,,
25.7793,1959,4,VNM,,
26.696,1959,5,VNM,,
27.8151,1959,6,VNM,,
26.8217,1959,7,VNM,,
26.7273,1959,8,VNM,,
25.5741,1959,9,VNM,,
24.3858,1959,10,VNM,,
22.9884,1959,11,VNM,,
21.6102,1959,12,VNM,,
19.9235,1960,1,VNM,,
20.6892,1960,2,VNM,,
23.4656,1960,3,VNM,,
25.1915,1960,4,VNM,,
26.616,1960,5,VNM,,
27.4634,1960,6,VNM,,
26.7936,1960,7,VNM,,
27.0188,1960,8,VNM,,
25.9029,1960,9,VNM,,
24.3224,1960,10,VNM,,
23.1757,1960,11,VNM,,
19.7838,1960,12,VNM,,
18.8684,1961,1,VNM,,
20.1151,1961,2,VNM,,
22.5674,1961,3,VNM,,
25.4686,1961,4,VNM,,
26.7224,1961,5,VNM,,
27.0669,1961,6,VNM,,
27.0499,1961,7,VNM,,
26.7339,1961,8,VNM,,
25.7667,1961,9,VNM,,
24.7162,1961,10,VNM,,
22.3703,1961,11,VNM,,
20.9435,1961,12,VNM,,
17.6982,1962,1,VNM,,
20.0487,1962,2,VNM,,
21.6109,1962,3,VNM,,
24.9484,1962,4,VNM,,
27.0255,1962,5,VNM,,
26.76,1962,6,VNM,,
27.2278,1962,7,VNM,,
26.6305,1962,8,VNM,,
26.0034,1962,9,VNM,,
24.6097,1962,10,VNM,,
22.2231,1962,11,VNM,,
19.9621,1962,12,VNM,,
16.9022,1963,1,VNM,,
19.4514,1963,2,VNM,,
21.4207,1963,3,VNM,,
25.2424,1963,4,VNM,,
27.5782,1963,5,VNM,,
27.129,1963,6,VNM,,
26.7594,1963,7,VNM,,
26.8958,1963,8,VNM,,
26.7301,1963,9,VNM,,
24.5016,1963,10,VNM,,
23.571,1963,11,VNM,,
20.3118,1963,12,VNM,,
20.3304,1964,1,VNM,,
19.4918,1964,2,VNM,,
22.0245,1964,3,VNM,,
25.9938,1964,4,VNM,,
26.2458,1964,5,VNM,,
26.8504,1964,6,VNM,,
27.2768,1964,7,VNM,,
26.8687,1964,8,VNM,,
26.1119,1964,9,VNM,,
24.9152,1964,10,VNM,,
21.476,1964,11,VNM,,
19.2716,1964,12,VNM,,
18.9415,1965,1,VNM,,
21.5834,1965,2,VNM,,
21.5191,1965,3,VNM,,
25.1663,1965,4,VNM,,
26.5358,1965,5,VNM,,
26.4433,1965,6,VNM,,
26.8833,1965,7,VNM,,
26.656,1965,8,VNM,,
25.4667,1965,9,VNM,,
25.0273,1965,10,VNM,,
23.0334,1965,11,VNM,,
21.2138,1965,12,VNM,,
21.17,1966,1,VNM,,
22.2144,1966,2,VNM,,
23.2018,1966,3,VNM,,
25.685,1966,4,VNM,,
25.9648,1966,5,VNM,,
26.7212,1966,6,VNM,,
26.9976,1966,7,VNM,,
26.5349,1966,8,VNM,,
25.4407,1966,9,VNM,,
24.993,1966,10,VNM,,
22.6771,1966,11,VNM,,
21.5523,1966,12,VNM,,
18.3702,1967,1,VNM,,
19.2135,1967,2,VNM,,
22.0908,1967,3,VNM,,
24.7257,1967,4,VNM,,
27.198,1967,5,VNM,,
27.388,1967,6,VNM,,
27.0716,1967,7,VNM,,
26.9386,1967,8,VNM,,
25.4031,1967,9,VNM,,
23.6588,1967,10,VNM,,
22.5287,1967,11,VNM,,
18.8621,1967,12,VNM,,
19.4646,1968,1,VNM,,
18.117,1968,2,VNM,,
22.004,1968,3,VNM,,
24.0121,1968,4,VNM,,
26.5141,1968,5,VNM,,
26.6478,1968,6,VNM,,
27.2136,1968,7,VNM,,
26.7745,1968,8,VNM,,
26.0382,1968,9,VNM,,
24.2031,1968,10,VNM,,
23.3394,1968,11,VNM,,
22.5255,1968,12,VNM,,
21.0705,1969,1,VNM,,
20.3147,1969,2,VNM,,
22.3887,1969,3,VNM,,
25.5585,1969,4,VNM,,
27.545,1969,5,VNM,,
27.0767,1969,6,VNM,,
27.0027,1969,7,VNM,,
26.7354,1969,8,VNM,,
26.1931,1969,9,VNM,,
25.0293,1969,10,VNM,,
21.2686,1969,11,VNM,,
19.3018,1969,12,VNM,,
19.3506,1970,1,VNM,,
21.2954,1970,2,VNM,,
21.9056,1970,3,VNM,,
24.5036,1970,4,VNM,,
26.6645,1970,5,VNM,,
26.8079,1970,6,VNM,,
26.7906,1970,7,VNM,,
26.3176,1970,8,VNM,,
25.7028,1970,9,VNM,,
23.8125,1970,10,VNM,,
21.8679,1970,11,VNM,,
21.0959,1970,12,VNM,,
17.9642,1971,1,VNM,,
19.6489,1971,2,VNM,,
21.4407,1971,3,VNM,,
25.3796,1971,4,VNM,,
26.7587,1971,5,VNM,,
26.6945,1971,6,VNM,,
26.6698,1971,7,VNM,,
26.1227,1971,8,VNM,,
26.2802,1971,9,VNM,,
23.3858,1971,10,VNM,,
20.9406,1971,11,VNM,,
20.2539,1971,12,VNM,,
18.6251,1972,1,VNM,,
20.3887,1972,2,VNM,,
21.7258,1972,3,VNM,,
23.6969,1972,4,VNM,,
27.3367,1972,5,VNM,,
27.1937,1972,6,VNM,,
27.0745,1972,7,VNM,,
26.2675,1972,8,VNM,,
25.9732,1972,9,VNM,,
25.4388,1972,10,VNM,,
23.1756,1972,11,VNM,,
20.9914,1972,12,VNM,,
19.8085,1973,1,VNM,,
22.8649,1973,2,VNM,,
23.623,1973,3,VNM,,
26.6165,1973,4,VNM,,
27.2635,1973,5,VNM,,
27.5014,1973,6,VNM,,
27.0269,1973,7,VNM,,
26.8035,1973,8,VNM,,
25.9416,1973,9,VNM,,
24.2796,1973,10,VNM,,
21.521,1973,11,VNM,,
19.1996,1973,12,VNM,,
18.7975,1974,1,VNM,,
19.2326,1974,2,VNM,,
20.759,1974,3,VNM,,
24.5902,1974,4,VNM,,
26.8973,1974,5,VNM,,
26.8644,1974,6,VNM,,
26.9615,1974,7,VNM,,
26.4851,1974,8,VNM,,
26.3048,1974,9,VNM,,
24.597,1974,10,VNM,,
22.5401,1974,11,VNM,,
20.5676,1974,12,VNM,,
19.9756,1975,1,VNM,,
21.3986,1975,2,VNM,,
22.9161,1975,3,VNM,,
25.9586,1975,4,VNM,,
26.6659,1975,5,VNM,,
26.8423,1975,6,VNM,,
26.9637,1975,7,VNM,,
26.5639,1975,8,VNM,,
26.3012,1975,9,VNM,,
24.5087,1975,10,VNM,,
21.5676,1975,11,VNM,,
18.0094,1975,12,VNM,,
18.3096,1976,1,VNM,,
21.0125,1976,2,VNM,,
21.4462,1976,3,VNM,,
24.7182,1976,4,VNM,,
26.5383,1976,5,VNM,,
26.7607,1976,6,VNM,,
26.8858,1976,7,VNM,,
26.4881,1976,8,VNM,,
25.7708,1976,9,VNM,,
24.5713,1976,10,VNM,,
20.7945,1976,11,VNM,,
20.5994,1976,12,VNM,,
18.6237,1977,1,VNM,,
18.6284,1977,2,VNM,,
22.0028,1977,3,VNM,,
25.2299,1977,4,VNM,,
27.234,1977,5,VNM,,
28.0894,1977,6,VNM,,
27.014,1977,7,VNM,,
27.0262,1977,8,VNM,,
25.6875,1977,9,VNM,,
24.841,1977,10,VNM,,
21.9774,1977,11,VNM,,
21.2626,1977,12,VNM,,
20.2368,1978,1,VNM,,
20.5797,1978,2,VNM,,
22.9835,1978,3,VNM,,
25.0496,1978,4,VNM,,
26.3289,1978,5,VNM,,
27.043,1978,6,VNM,,
26.9158,1978,7,VNM,,
26.6568,1978,8,VNM,,
25.3144,1978,9,VNM,,
24.0808,1978,10,VNM,,
22.4643,1978,11,VNM,,
21.3173,1978,12,VNM,,
21.2204,1979,1,VNM,,
22.4333,1979,2,VNM,,
23.3757,1979,3,VNM,,
25.2898,1979,4,VNM,,
26.3374,1979,5,VNM,,
26.9379,1979,6,VNM,,
27.5876,1979,7,VNM,,
26.787,1979,8,VNM,,
25.9927,1979,9,VNM,,
23.7811,1979,10,VNM,,
21.7453,1979,11,VNM,,
21.3295,1979,12,VNM,,
20.4279,1980,1,VNM,,
20.2713,1980,2,VNM,,
23.6651,1980,3,VNM,,
25.8562,1980,4,VNM,,
26.9428,1980,5,VNM,,
27.1611,1980,6,VNM,,
27.2487,1980,7,VNM,,
26.9018,1980,8,VNM,,
25.6612,1980,9,VNM,,
24.8145,1980,10,VNM,,
23.0793,1980,11,VNM,,
20.8345,1980,12,VNM,,
19.2481,1981,1,VNM,,
21.4908,1981,2,VNM,,
22.9911,1981,3,VNM,,
25.4189,1981,4,VNM,,
26.0226,1981,5,VNM,,
26.6121,1981,6,VNM,,
26.6934,1981,7,VNM,,
27.4885,1981,8,VNM,,
26.7703,1981,9,VNM,,
24.5828,1981,10,VNM,,
22.5124,1981,11,VNM,,
19.1709,1981,12,VNM,,
19.9368,1982,1,VNM,,
20.832,1982,2,VNM,,
22.988,1982,3,VNM,,
24.076,1982,4,VNM,,
26.7501,1982,5,VNM,,
26.8214,1982,6,VNM,,
27.0976,1982,7,VNM,,
26.6605,1982,8,VNM,,
25.7068,1982,9,VNM,,
25.3032,1982,10,VNM,,
23.532,1982,11,VNM,,
18.8768,1982,12,VNM,,
18.7402,1983,1,VNM,,
20.9087,1983,2,VNM,,
21.6707,1983,3,VNM,,
26.8556,1983,4,VNM,,
27.9283,1983,5,VNM,,
27.6282,1983,6,VNM,,
28.1474,1983,7,VNM,,
27.308,1983,8,VNM,,
26.8223,1983,9,VNM,,
25.0676,1983,10,VNM,,
21.6503,1983,11,VNM,,
19.3377,1983,12,VNM,,
18.1107,1984,1,VNM,,
20.1847,1984,2,VNM,,
22.0275,1984,3,VNM,,
25.9697,1984,4,VNM,,
26.1519,1984,5,VNM,,
26.8068,1984,6,VNM,,
26.9391,1984,7,VNM,,
26.7445,1984,8,VNM,,
25.6557,1984,9,VNM,,
23.8394,1984,10,VNM,,
22.9831,1984,11,VNM,,
20.5,1984,12,VNM,,
19.5221,1985,1,VNM,,
21.3608,1985,2,VNM,,
20.7962,1985,3,VNM,,
24.2176,1985,4,VNM,,
26.62,1985,5,VNM,,
27.0034,1985,6,VNM,,
26.6467,1985,7,VNM,,
26.7865,1985,8,VNM,,
25.555,1985,9,VNM,,
24.6223,1985,10,VNM,,
23.2286,1985,11,VNM,,
20.3262,1985,12,VNM,,
19.2157,1986,1,VNM,,
20.6171,1986,2,VNM,,
21.9043,1986,3,VNM,,
25.4043,1986,4,VNM,,
26.316,1986,5,VNM,,
27.0843,1986,6,VNM,,
26.7781,1986,7,VNM,,
27.0058,1986,8,VNM,,
26.0325,1986,9,VNM,,
24.4336,1986,10,VNM,,
22.2228,1986,11,VNM,,
21.0684,1986,12,VNM,,
20.5309,1987,1,VNM,,
21.8699,1987,2,VNM,,
23.3418,1987,3,VNM,,
25.5264,1987,4,VNM,,
27.4401,1987,5,VNM,,
27.5479,1987,6,VNM,,
27.5459,1987,7,VNM,,
27.1701,1987,8,VNM,,
26.1097,1987,9,VNM,,
25.5938,1987,10,VNM,,
23.4043,1987,11,VNM,,
18.8923,1987,12,VNM,,
20.9191,1988,1,VNM,,
21.2215,1988,2,VNM,,
21.754,1988,3,VNM,,
24.5852,1988,4,VNM,,
27.047,1988,5,VNM,,
27.2909,1988,6,VNM,,
27.3476,1988,7,VNM,,
26.7426,1988,8,VNM,,
26.3219,1988,9,VNM,,
24.0191,1988,10,VNM,,
21.6596,1988,11,VNM,,
20.5643,1988,12,VNM,,
19.9013,1989,1,VNM,,
20.2072,1989,2,VNM,,
21.3755,1989,3,VNM,,
25.6372,1989,4,VNM,,
26.3981,1989,5,VNM,,
27.0081,1989,6,VNM,,
27.2654,1989,7,VNM,,
27.1261,1989,8,VNM,,
26.508,1989,9,VNM,,
24.9172,1989,10,VNM,,
22.7828,1989,11,VNM,,
20.5588,1989,12,VNM,,
20.6366,1990,1,VNM,,
21.2421,1990,2,VNM,,
21.701,1990,3,VNM,,
25.5608,1990,4,VNM,,
25.9814,1990,5,VNM,,
27.0902,1990,6,VNM,,
26.9124,1990,7,VNM,,
27.6215,1990,8,VNM,,
26.539,1990,9,VNM,,
24.8785,1990,10,VNM,,
23.3786,1990,11,VNM,,
21.404,1990,12,VNM,,
21.2641,1991,1,VNM,,
21.7298,1991,2,VNM,,
23.9737,1991,3,VNM,,
26.2745,1991,4,VNM,,
27.4259,1991,5,VNM,,
27.5647,1991,6,VNM,,
27.2983,1991,7,VNM,,
26.9164,1991,8,VNM,,
26.7628,1991,9,VNM,,
24.6845,1991,10,VNM,,
22.4586,1991,11,VNM,,
21.3386,1991,12,VNM,,
18.9462,1992,1,VNM,,
20.5247,1992,2,VNM,,
22.7815,1992,3,VNM,,
26.8073,1992,4,VNM,,
27.6538,1992,5,VNM,,
27.4563,1992,6,VNM,,
26.9516,1992,7,VNM,,
27.3955,1992,8,VNM,,
26.7272,1992,9,VNM,,
23.8913,1992,10,VNM,,
21.7671,1992,11,VNM,,
21.4601,1992,12,VNM,,
19.0534,1993,1,VNM,,
21.2081,1993,2,VNM,,
22.6215,1993,3,VNM,,
25.4837,1993,4,VNM,,
27.0579,1993,5,VNM,,
27.9814,1993,6,VNM,,
27.5191,1993,7,VNM,,
27.2252,1993,8,VNM,,
26.504,1993,9,VNM,,
24.4762,1993,10,VNM,,
23.0068,1993,11,VNM,,
20.198,1993,12,VNM,,
20.9519,1994,1,VNM,,
22.3773,1994,2,VNM,,
21.149,1994,3,VNM,,
26.6498,1994,4,VNM,,
27.5385,1994,5,VNM,,
26.9911,1994,6,VNM,,
27.0498,1994,7,VNM,,
26.9347,1994,8,VNM,,
26.2905,1994,9,VNM,,
24.3455,1994,10,VNM,,
23.3644,1994,11,VNM,,
22.2432,1994,12,VNM,,
19.9174,1995,1,VNM,,
20.1029,1995,2,VNM,,
22.3825,1995,3,VNM,,
26.6082,1995,4,VNM,,
27.1686,1995,5,VNM,,
27.8195,1995,6,VNM,,
27.2684,1995,7,VNM,,
27.1137,1995,8,VNM,,
26.584,1995,9,VNM,,
25.3163,1995,10,VNM,,
22.4686,1995,11,VNM,,
20.3245,1995,12,VNM,,
20.0181,1996,1,VNM,,
19.4103,1996,2,VNM,,
22.3833,1996,3,VNM,,
24.0762,1996,4,VNM,,
26.4539,1996,5,VNM,,
27.344,1996,6,VNM,,
27.3193,1996,7,VNM,,
27.1661,1996,8,VNM,,
26.3696,1996,9,VNM,,
25.1223,1996,10,VNM,,
23.4286,1996,11,VNM,,
20.4298,1996,12,VNM,,
20.15,1997,1,VNM,,
20.2543,1997,2,VNM,,
22.4195,1997,3,VNM,,
24.6844,1997,4,VNM,,
27.1732,1997,5,VNM,,
27.6041,1997,6,VNM,,
26.9861,1997,7,VNM,,
27.3201,1997,8,VNM,,
25.8838,1997,9,VNM,,
25.9285,1997,10,VNM,,
23.9431,1997,11,VNM,,
22.3844,1997,12,VNM,,
21.5527,1998,1,VNM,,
22.4171,1998,2,VNM,,
23.8282,1998,3,VNM,,
26.7089,1998,4,VNM,,
27.9538,1998,5,VNM,,
27.929,1998,6,VNM,,
27.7233,1998,7,VNM,,
27.7586,1998,8,VNM,,
27.0006,1998,9,VNM,,
25.8023,1998,10,VNM,,
23.6378,1998,11,VNM,,
21.7578,1998,12,VNM,,
20.4104,1999,1,VNM,,
21.8445,1999,2,VNM,,
23.1617,1999,3,VNM,,
25.6748,1999,4,VNM,,
25.8575,1999,5,VNM,,
27.2385,1999,6,VNM,,
27.2233,1999,7,VNM,,
27.0586,1999,8,VNM,,
26.4061,1999,9,VNM,,
25.2426,1999,10,VNM,,
22.707,1999,11,VNM,,
18.8341,1999,12,VNM,,
20.8595,2000,1,VNM,,
20.0468,2000,2,VNM,,
22.2888,2000,3,VNM,,
25.4443,2000,4,VNM,,
26.2898,2000,5,VNM,,
26.748,2000,6,VNM,,
27.2957,2000,7,VNM,,
27.5865,2000,8,VNM,,
26.3237,2000,9,VNM,,
25.0409,2000,10,VNM,,
22.2276,2000,11,VNM,,
21.8343,2000,12,VNM,,
21.5704,2001,1,VNM,,
21.4537,2001,2,VNM,,
22.4806,2001,3,VNM,,
26.5472,2001,4,VNM,,
26.4012,2001,5,VNM,,
27.0755,2001,6,VNM,,
27.4136,2001,7,VNM,,
27.301,2001,8,VNM,,
26.7575,2001,9,VNM,,
25.4637,2001,10,VNM,,
21.6265,2001,11,VNM,,
20.8035,2001,12,VNM,,
20.1471,2002,1,VNM,,
22.0605,2002,2,VNM,,
23.3405,2002,3,VNM,,
26.3616,2002,4,VNM,,
26.8793,2002,5,VNM,,
27.6931,2002,6,VNM,,
27.6522,2002,7,VNM,,
26.8419,2002,8,VNM,,
25.8749,2002,9,VNM,,
24.9864,2002,10,VNM,,
23.2328,2002,11,VNM,,
22.1441,2002,12,VNM,,
19.8417,2003,1,VNM,,
22.3942,2003,2,VNM,,
22.4349,2003,3,VNM,,
26.6682,2003,4,VNM,,
27.8025,2003,5,VNM,,
27.4849,2003,6,VNM,,
27.754,2003,7,VNM,,
27.6758,2003,8,VNM,,
26.232,2003,9,VNM,,
25.1789,2003,10,VNM,,
23.6439,2003,11,VNM,,
20.4516,2003,12,VNM,,
20.4061,2004,1,VNM,,
20.6649,2004,2,VNM,,
22.8187,2004,3,VNM,,
25.7764,2004,4,VNM,,
26.9525,2004,5,VNM,,
27.3588,2004,6,VNM,,
26.9753,2004,7,VNM,,
27.4352,2004,8,VNM,,
26.3474,2004,9,VNM,,
24.5783,2004,10,VNM,,
23.5518,2004,11,VNM,,
20.8583,2004,12,VNM,,
19.9792,2005,1,VNM,,
22.509,2005,2,VNM,,
21.8137,2005,3,VNM,,
25.8387,2005,4,VNM,,
27.6449,2005,5,VNM,,
27.9064,2005,6,VNM,,
27.6919,2005,7,VNM,,
27.3238,2005,8,VNM,,
26.9138,2005,9,VNM,,
24.3,2005,10,VNM,,
23.6483,2005,11,VNM,,
20.2844,2005,12,VNM,,
20.7224,2006,1,VNM,,
21.8758,2006,2,VNM,,
22.6725,2006,3,VNM,,
25.8928,2006,4,VNM,,
26.5647,2006,5,VNM,,
27.5302,2006,6,VNM,,
27.6337,2006,7,VNM,,
26.93,2006,8,VNM,,
26.3518,2006,9,VNM,,
25.732,2006,10,VNM,,
24.4112,2006,11,VNM,,
21.217,2006,12,VNM,,
19.5742,2007,1,VNM,,
22.3902,2007,2,VNM,,
23.3527,2007,3,VNM,,
24.9302,2007,4,VNM,,
26.3317,2007,5,VNM,,
27.7517,2007,6,VNM,,
27.5326,2007,7,VNM,,
26.721,2007,8,VNM,,
26.0802,2007,9,VNM,,
24.7519,2007,10,VNM,,
21.5031,2007,11,VNM,,
22.0848,2007,12,VNM,,
19.408,2008,1,VNM,,
18.03,2008,2,VNM,,
22.0917,2008,3,VNM,,
25.7844,2008,4,VNM,,
26.1936,2008,5,VNM,,
26.7034,2008,6,VNM,,
27.2563,2008,7,VNM,,
26.9459,2008,8,VNM,,
26.5736,2008,9,VNM,,
25.766,2008,10,VNM,,
22.2886,2008,11,VNM,,
20.3691,2008,12,VNM,,
18.5874,2009,1,VNM,,
23.3572,2009,2,VNM,,
22.7104,2009,3,VNM,,
25.3695,2009,4,VNM,,
26.5018,2009,5,VNM,,
27.4658,2009,6,VNM,,
27.4224,2009,7,VNM,,
27.8058,2009,8,VNM,,
26.9888,2009,9,VNM,,
25.8003,2009,10,VNM,,
22.9344,2009,11,VNM,,
21.7524,2009,12,VNM,,
21.2829,2010,1,VNM,,
23.0028,2010,2,VNM,,
23.3828,2010,3,VNM,,
25.9156,2010,4,VNM,,
27.9955,2010,5,VNM,,
27.6409,2010,6,VNM,,
27.6693,2010,7,VNM,,
27.181,2010,8,VNM,,
26.975,2010,9,VNM,,
24.6371,2010,10,VNM,,
22.7269,2010,11,VNM,,
21.5358,2010,12,VNM,,
18.0561,2011,1,VNM,,
21.121,2011,2,VNM,,
19.6389,2011,3,VNM,,
24.5324,2011,4,VNM,,
26.5126,2011,5,VNM,,
27.3648,2011,6,VNM,,
27.6562,2011,7,VNM,,
27.2079,2011,8,VNM,,
26.2988,2011,9,VNM,,
24.546,2011,10,VNM,,
23.7394,2011,11,VNM,,
19.9897,2011,12,VNM,,
19.9376,2012,1,VNM,,
21.2647,2012,2,VNM,,
22.66,2012,3,VNM,,
26.1824,2012,4,VNM,,
27.5174,2012,5,VNM,,
27.4194,2012,6,VNM,,
27.4906,2012,7,VNM,,
27.4666,2012,8,VNM,,
26.4697,2012,9,VNM,,
25.7243,2012,10,VNM,,
24.3128,2012,11,VNM,,
22.4016,2012,12,VNM,,
20.2787,2013,1,VNM,,
22.9052,2013,2,VNM,,
23.9591,2013,3,VNM,,
25.9443,2013,4,VNM,,
27.2649,2013,5,VNM,,
27.3868,2013,6,VNM,,
27.2,2013,7,VNM,,
27.3971,2013,8,VNM,,
25.9728,2013,9,VNM,,
24.4809,2013,10,VNM,,
23.375,2013,11,VNM,,
18.6481,2013,12,VNM,,
18.8903,2014,1,VNM,,
20.5782,2014,2,VNM,,
22.9839,2014,3,VNM,,
26.1655,2014,4,VNM,,
27.0155,2014,5,VNM,,
27.994,2014,6,VNM,,
27.3625,2014,7,VNM,,
27.2949,2014,8,VNM,,
26.9982,2014,9,VNM,,
25.6917,2014,10,VNM,,
24.0814,2014,11,VNM,,
20.3978,2014,12,VNM,,
19.9524,2015,1,VNM,,
21.5853,2015,2,VNM,,
23.5692,2015,3,VNM,,
25.8273,2015,4,VNM,,
28.4432,2015,5,VNM,,
28.5632,2015,6,VNM,,
27.455,2015,7,VNM,,
27.5118,2015,8,VNM,,
27.0807,2015,9,VNM,,
25.3536,2015,10,VNM,,
24.7644,2015,11,VNM,,
22.0768,2015,12,VNM,,
